"","hy.id","c.ranef","c.ranef.sd","c.blups","c.expontd.blups","n.ranef","n.ranef.sd","n.blups","n.expontd.blups","g.ranef","g.ranef.sd","g.blups","g.expontd.blups","n.fas","sex","avg.cub.mins","sd.cub.mins","avg.mom.mins","sd.mom.mins","avg.overlap","sd.overlap","avg.c.mins","sd.c","prop.c","avg.n.mins","sd.n","prop.n","avg.g.mins","sd.g","prop.g","first.fas.date","last.fas.date","fas.format","first.fas.age.mon","last.fas.age.mon","first.fas.yr","dob","dob.yr","dob.event.status","dob.event.data","dob.error","dob.notes","dfs","dfs.event.status","dfs.event.data","dfs.error","dfs.notes","dengrad","dengrad.event.status","dengrad.event.data","dengrad.error","dengrad.notes","weaned","weaned.event.status","weaned.event.data","weaned.error","weaned.notes","change.clan","change.clan.event.status","change.clan.event.data","change.clan.error","change.clan.notes","change.clan2","change.clan2.event.status","change.clan2.event.data","change.clan2.error","change.clan2.notes","disappeared","disappeared.event.status","disappeared.event.data","disappeared.error","disappeared.notes","mom","dad","number.littermates","litrank","mom.parity","mom.parity.binary","mom.cub1","mom.cub2","fas.durtn.mon"
"1","ahi",0.0429889009653507,0.161167745332598,-0.112639289743434,0.893472886831525,0.117022877112124,0.175184976275487,-0.497040114625749,0.608328580448376,-0.216225723791935,0.708331594580523,-2.35488066943349,0.0949048309061741,1,"m",29,NA,25,NA,25,NA,25,NA,1,25,NA,1,0,NA,0,2013-06-06,2013-06-06,"new",4.3,4.3,2013,"2013-01-25",2013,"","talek",NA,"","2013-02-16","","",NA,"","2013-08-26","","",5,"","2013-10-23","","",3.5,"",NA,"","",NA,"",NA,NA,NA,NA,NA,"2015-07-31","dls","double check: alive but with disappeared date",NA,"","hrpy",NA,"twin",NA,"a","prim","ahi","ika",0
"2","alta",0.0147434769379153,0.155626305564125,-0.140884713770869,0.868589442327184,-0.00399423378244432,0.158188445529463,-0.618057225520318,0.53899055817867,0.149106300360002,0.613567912431931,-1.98954864528155,0.136757137496754,3,"m",20.67,10.5,22,8.89,20,10.54,15.67,14.64,0.78,9.33,9.02,0.47,1.67,2.89,0.08,2013-06-13,2013-06-27,"new",2.6,3.1,2013,"2013-03-26",2013,"","talek",NA,"","2013-06-10","","",NA,"",NA,"dbg","",NA,"",NA,"dbw","",NA,"",NA,"","",NA,"",NA,NA,NA,NA,NA,"2013-11-01","dls","inferred dead",NA,"","bab",NA,"twin",NA,"d","mult","alta","lyco",0.46
"3","ana",-0.171919315897978,0.12475499833381,-0.327547506606763,0.720689052970837,0.111173634552066,0.128482609079105,-0.502889357185807,0.604780705331654,-0.509712757654833,0.545245596766182,-2.64836770329639,0.0707666309751284,6,"f",27,9.44,28,9.84,27,9.44,18.17,13.78,0.67,14.17,14.65,0.52,0.33,0.82,0.01,2013-02-12,2013-08-02,"new",2.4,8,2013,"2012-12-02",2012,"","serena.n",NA,"","2012-12-27","","",NA,"","2013-06-26","","",NA,"dengrad info not in table, instead taken from tblhyenas","2013-11-05","","",NA,"",NA,"","",NA,"",NA,NA,NA,NA,NA,NA,"dls","double check: alive but with disappeared date",NA,"","digs",NA,"single",NA,NA,NA,NA,NA,5.62
"4","ando",-0.0385578007267335,0.133470918459827,-0.194185991435518,0.823504725198026,0.0311580581027281,0.139080618859693,-0.582904933635145,0.55827425907245,0.200689849631009,0.618061625963214,-1.93796509601055,0.14399667124744,4,"f",25.25,8.62,27.75,6.13,25.25,8.62,18.25,13.1,0.72,13.75,10.08,0.54,2.25,4.5,0.09,2013-05-13,2013-07-22,"new",2.8,5.1,2013,"2013-02-16",2013,"","happy.zebra",NA,"","2013-03-11","","",NA,"","2013-10-06","","",NA,"dengrad info not in table, instead taken from tblhyenas","2013-09-27","","",12,"",NA,"","",NA,"",NA,NA,NA,NA,NA,NA,"dls","double check: alive but with disappeared date",NA,"","saw",NA,"twin","1",NA,NA,NA,NA,2.3
"5","baca",0.13074265287213,0.137978528586696,-0.0248855378366547,0.975421554500093,0.171985179940502,0.130910154712994,-0.442077811797371,0.642699623896907,0.370614935932636,0.597664295937679,-1.76804000970892,0.170667167215978,4,"m",25.25,8.62,25.25,8.62,25.25,8.62,23.75,10.21,0.94,22.5,11.96,0.89,0.75,0.96,0.03,2013-07-08,2013-07-29,"new",5.8,6.5,2013,"2013-01-12",2013,"","happy.zebra",NA,"","2013-02-16","","",NA,"","2013-09-24","","",NA,"dengrad info not in table, instead taken from tblhyenas","2014-07-08","error","",76.5,"",NA,"","",NA,"",NA,NA,NA,NA,NA,"2015-11-05","dls","double check: alive but with disappeared date",NA,"","csby",NA,"twin","2",NA,NA,NA,NA,0.69
"6","bilj",0.118555849510084,0.12100301909389,-0.0370723411987004,0.963606424383781,-0.0567087946705927,0.11434919556897,-0.670771786408466,0.511313800422609,-0.632649779694634,0.630613926717611,-2.77130472533619,0.0625803013487836,6,"f",27.17,9.97,28.67,8.19,27.17,9.97,24.67,10.91,0.91,18.67,10.84,0.69,0,0,0,2013-01-12,2013-05-28,"new",3.8,8.3,2013,"2012-09-18",2012,"","serena.n",NA,"","2012-11-12","","",NA,"","2013-06-27","","",NA,"dengrad info not in table, instead taken from tblhyenas","2013-10-09","","",4,"",NA,"","",NA,"",NA,NA,NA,NA,NA,NA,"dls","double check: alive but with disappeared date",NA,"","hkr",NA,"twin","1","a","prim","bilj","crim",4.47
"7","blkt",-0.00610745548619924,0.164059735889175,-0.161735646194984,0.850666051626878,-0.0212238220546028,0.195690913006338,-0.635286813792476,0.529783517305129,-0.0446088494467587,0.75912654131238,-2.18326379508832,0.112673187672931,2,"m",9.5,6.36,7,2.83,7,2.83,3.5,0.71,0.5,0,0,0,0,0,0,2013-04-17,2013-06-06,"new",7.6,9.3,2013,"2012-08-28",2012,"","talek",NA,"","2012-09-25","","",NA,"","2013-06-17","","",0.5,"","2013-08-06","","",33,"",NA,"","",NA,"",NA,NA,NA,NA,NA,"2014-04-12","dead","poison (april 2014 incident)",NA,"","tilt",NA,"single",NA,"b","mult","blkt",NA,1.64
"8","bncl",0.0119718286688933,0.10526459942027,-0.143656362039891,0.866185351089552,0.0347637218739828,0.101978111289023,-0.579299269863891,0.560290841717537,-0.0330436412571577,0.511145283876288,-2.17169858689872,0.11398384092589,9,"m",27.56,6.77,27.56,6.67,27.44,6.73,21.44,7.73,0.78,17.78,10.22,0.65,1.44,3.36,0.05,2013-02-24,2013-06-09,"new",3.7,7.2,2013,"2012-11-03",2012,"","talek",NA,"","2012-12-01","","",NA,"","2013-07-29","","",1,"","2013-09-23","","",8.5,"",NA,"","",NA,"",NA,NA,NA,NA,NA,"2017-06-16","dls","dispersed",NA,"","amaz",NA,"twin",NA,"b","mult","bncl","spng",3.45
"9","bnt",0.0614128447409438,0.161861636630253,-0.0942153459678405,0.910086757623483,-0.029988519131834,0.15647472832124,-0.644051510869707,0.525160414900994,-0.0452233008102874,0.759049395521979,-2.18387824645184,0.112603976744684,1,"f",33,NA,33,NA,33,NA,29,NA,0.88,28,NA,0.85,0,NA,0,2012-09-19,2012-09-19,"new",11.8,11.8,2012,"2011-09-25",2011,"","talek",NA,"","2012-02-04","","",NA,"","2012-07-21","","",0.5,"","2012-09-20","","",1.5,"",NA,"","",NA,"",NA,NA,NA,NA,NA,NA,"dls","double check: alive but with disappeared date",NA,"","mono",NA,"single",NA,"a","prim","bnt",NA,0
"10","brgy",0.0305364443673963,0.139759079369072,-0.125091746341388,0.882415940436544,0.0519548518647395,0.141263021718316,-0.562108139873134,0.570006143652941,0.441719293726578,0.579259879465794,-1.69693565191498,0.183244188556699,4,"u",18,5.48,17.5,6.56,17,6.58,15,4.76,0.88,13.25,3.86,0.78,1.75,2.36,0.1,2013-03-08,2013-04-14,"new",3,4.2,2013,"2012-12-06",2012,"","talek",NA,"","2012-12-27","","",NA,"",NA,"dbg","",NA,"",NA,"dbw","",NA,"",NA,"","",NA,"",NA,NA,NA,NA,NA,"2013-04-30","dls","inferred dead",NA,"","mos",NA,"twin",NA,"h","mult","brgy","fush",1.22
"11","bron",0.0738883328437295,0.140006956321577,-0.0817398578650548,0.9215116515263,-0.0436056123214733,0.128050158146819,-0.657668604059347,0.518057725335777,1.29448847939505,0.590261929140435,-0.844166466246509,0.42991555803295,4,"m",29,7.35,28,10.03,27.75,9.84,24,16.02,0.86,17.5,13.08,0.63,4.75,5.62,0.17,2013-01-12,2013-08-01,"new",3.4,10,2013,"2012-10-01",2012,"","serena.s",NA,"","2012-11-16","","",NA,"","2013-06-18","","",NA,"dengrad info not in table, instead taken from tblhyenas","2013-10-30","","",NA,"",NA,"","",NA,"",NA,NA,NA,NA,NA,"2015-11-19","dls","double check: alive but with disappeared date",NA,"","bart",NA,NA,NA,NA,NA,NA,NA,6.6
"12","byte",0.0888901053865219,0.129653550572676,-0.0667380853222625,0.935440174766224,0.151001456601911,0.13365882578806,-0.463061535135962,0.629353903938544,-0.346010269132558,0.565799187915405,-2.48466521477412,0.0833534553468053,5,"f",24,7.31,24,6.52,23,7.55,21.2,10.08,0.92,16.4,13.07,0.71,0.2,0.45,0.01,2013-02-26,2013-06-20,"new",1.5,5.2,2013,"2013-01-12",2013,"","talek",NA,"","2013-02-07","","",NA,"","2013-08-08","","",1,"","2013-10-31","","",0.5,"",NA,"","",NA,"",NA,NA,NA,NA,NA,"2018-06-13","dls","",NA,"","buar",NA,"twin",NA,"a","prim","byte","decm",3.75
"13","catn",0.0388889714167941,0.116352547853675,-0.11673921929199,0.889817210071371,0.0116236245670903,0.118573089414962,-0.602439367170783,0.54747451453426,1.00653731514362,0.433577846514079,-1.13211763049794,0.322349915134143,7,"m",24.43,9.96,26.14,8.55,24.43,9.96,20.71,8.4,0.85,15,9.07,0.61,4.29,3.95,0.18,2013-04-04,2013-08-08,"new",1.3,5.4,2013,"2013-02-24",2013,"","talek",NA,"","2013-03-17","","",NA,"","2013-09-15","","",22,"","2013-08-12","","",2,"",NA,"","",NA,"",NA,NA,NA,NA,NA,"2013-12-24","dls","inferred dead",NA,"","adon",NA,NA,NA,"h","mult","catn",NA,4.14
"14","chco",0.0969174912665429,0.107235484481213,-0.0587106994422415,0.942979534204857,0.0920838316334752,0.103196686758745,-0.521979160104398,0.593345060243319,0.625122515776156,0.393272278544815,-1.5135324298654,0.220131005598291,10,"f",22.2,10.9,23.9,9.15,22,11.19,20.1,10.47,0.91,16.4,10.55,0.75,2.2,2.3,0.1,2013-03-04,2013-08-06,"new",1.3,6.4,2013,"2013-01-22",2013,"","talek",NA,"","2013-02-12","","",NA,"","2013-12-26","","",17,"","2013-11-17","","",17,"",NA,"","",NA,"",NA,NA,NA,NA,NA,NA,"dls","double check: alive but with disappeared date",NA,"","ffl",NA,NA,NA,"e","mult","chco",NA,5.09
"15","chle",0.0132834625841863,0.107759286567201,-0.142344728124598,0.867322214584343,0.0537949428596558,0.100365782671253,-0.560268048878218,0.571055972418932,-0.777629055984908,0.610745409167623,-2.91628400162647,0.054134477631862,9,"m",25.89,4.57,25.78,4.76,25.56,4.72,20.56,9.29,0.8,19.22,10.18,0.75,0,0,0,2013-03-02,2013-06-23,"new",4.9,8.6,2013,"2012-10-04",2012,"","talek",NA,"","2012-11-04","","",NA,"","2013-06-07","","",6,"","2013-08-28","","",2,"",NA,"","",NA,"",NA,NA,NA,NA,NA,"2016-03-26","dls","fate unknown",NA,"","hel",NA,"twin","1","f","mult","chle","tica",3.71
"16","clay",-0.0870273662651635,0.124667742425847,-0.242655556973948,0.784541697153726,-0.135277351026217,0.129921081573195,-0.74934034276409,0.472678255552737,0.497114643870647,0.498842099744301,-1.64154030177091,0.193681484481819,5,"f",28.8,4.32,28.8,7.76,27.4,7.23,17.8,5.93,0.65,12,7.97,0.44,1.2,0.84,0.04,2013-05-22,2013-07-22,"new",3.9,5.9,2013,"2013-01-23",2013,"","happy.zebra",NA,"","2013-03-15","","",NA,"","2013-09-14","","",NA,"dengrad info not in table, instead taken from tblhyenas","2013-09-19","","",4.5,"",NA,"","",NA,"",NA,NA,NA,NA,NA,"2018-02-20","dls","double check: alive but with disappeared date",NA,"","pike",NA,"single",NA,NA,NA,NA,NA,2
"17","clou",0.123007386650337,0.117308450612811,-0.0326208040584478,0.96790551585389,0.107793759140476,0.108164013230597,-0.506269232597397,0.602740072381473,-0.734538947530796,0.616901216591309,-2.87319389317235,0.0565181251492866,6,"m",27.83,4.45,28,4.56,27.83,4.45,27.17,4.71,0.98,24.33,4.84,0.87,0,0,0,2013-03-08,2013-05-04,"new",3.9,5.7,2013,"2012-11-10",2012,"","talek",NA,"","2012-12-01","","",NA,"",NA,"dbg","",NA,"",NA,"dbw","",NA,"",NA,"","",NA,"",NA,NA,NA,NA,NA,"2013-06-18","dead","starved",NA,"","tpe",NA,"twin",NA,"a","prim","clou","grnc",1.87
"18","crim",0.128230436556389,0.111517143661916,-0.0273977541523948,0.972974160035478,-0.0119165213374411,0.103023822916488,-0.625979513075315,0.534737389644408,-0.397626794675714,0.561668211071536,-2.53628174031727,0.0791601914036099,8,"f",27.12,10.33,29.75,8.46,27.12,10.33,24.38,11.07,0.9,19.88,10.41,0.73,0.12,0.35,0,2013-01-13,2013-07-24,"new",3.8,10.2,2013,"2012-09-18",2012,"","serena.n",NA,"","2012-11-12","","",NA,"","2013-06-27","","",NA,"dengrad info not in table, instead taken from tblhyenas","2013-10-05","","",NA,"",NA,"","",NA,"",NA,NA,NA,NA,NA,NA,"dls","double check: alive but with disappeared date",NA,"","hkr",NA,"twin","2","a","prim","bilj","crim",6.31
"19","cstz",0.0911364523877319,0.113126755586743,-0.0644917383210524,0.937543859916424,0.00840713184271919,0.155580054621292,-0.605655859895154,0.545716395745394,-0.492696764422801,0.49755746559779,-2.63135171006436,0.0719810988742789,8,"m",26,8.99,28.88,7.28,26,8.99,23,8.93,0.88,4.62,9.96,0.18,0.38,0.74,0.01,2013-07-07,2013-07-30,"new",2.7,3.4,2013,"2013-04-16",2013,"","serena.n",NA,"","2013-05-30","","",NA,"",NA,"","",NA,"","2014-06-18","","",7,"",NA,"","",NA,"",NA,NA,NA,NA,NA,"2016-05-29","dls","double check: alive but with disappeared date",NA,"","logc",NA,"single",NA,NA,NA,NA,NA,0.76
"20","dalt",-0.11073689015964,0.135923094300514,-0.266365080868425,0.766159366309593,-0.446452515039216,0.163611179562334,-1.06051550677709,0.346277256038798,0.281551660921583,0.586177057103936,-1.85710328471997,0.15612422340752,4,"m",26.75,6.02,27,6.32,26.75,6.02,13.5,4.2,0.5,6.25,6.18,0.23,0.5,0.58,0.02,2013-07-07,2013-08-01,"new",5.7,6.5,2013,"2013-01-14",2013,"","serena.n",NA,"","2013-03-15","","",NA,"","2013-07-27","","",NA,"dengrad info not in table, instead taken from tblhyenas","2013-11-29","","",1,"",NA,"","",NA,"",NA,NA,NA,NA,NA,"2013-12-08","dls","",NA,"","ink",NA,"twin","2",NA,NA,NA,NA,0.82
"21","dara",-0.0676656706434551,0.123358286109823,-0.223293861352239,0.799879761006366,0.0309207830255865,0.130144817903533,-0.583142208712287,0.558141810218589,-0.123883477135671,0.520403413540433,-2.26253842277723,0.10408593501904,6,"f",24.33,6.62,27.33,7.2,24,6.93,16.67,11.24,0.69,12,9.98,0.5,0.5,0.84,0.02,2013-05-12,2013-07-22,"new",2.8,5.1,2013,"2013-02-16",2013,"","happy.zebra",NA,"","2013-03-11","","",NA,"",NA,"","",NA,"",NA,"dbw","",NA,"",NA,"","",NA,"",NA,NA,NA,NA,NA,"2013-11-11","dls","double check: alive but with disappeared date",NA,"","saw",NA,"twin","2",NA,NA,NA,NA,2.33
"22","decm",0.127619776701949,0.124061088601294,-0.0280084140068352,0.972380185153302,0.165591984994578,0.121750037904935,-0.448471006743295,0.638603826475945,-0.119871950536675,0.513187148549826,-2.25852689617823,0.104504317130372,9,"f",14.78,6.98,15.33,6.91,14.33,6.91,14.22,6.98,0.99,12.11,7.64,0.85,0.56,1.13,0.04,2013-02-26,2013-06-20,"new",1.5,5.2,2013,"2013-01-12",2013,"","talek",NA,"","2013-02-07","","",NA,"","2013-08-08","","",1,"","2013-10-31","","",0.5,"",NA,"","",NA,"",NA,NA,NA,NA,NA,NA,"dls","double check: alive but with disappeared date",NA,"","buar",NA,"twin",NA,"a","prim","byte","decm",3.75
"23","dora",0.047477826999881,0.159489457815412,-0.108150363708903,0.897492635962654,0.0836109773810141,0.167234388204375,-0.530452014356859,0.588338971903477,-0.192520098780285,0.714312916766544,-2.33117504442184,0.0971814874078938,1,"m",30,NA,30,NA,30,NA,29,NA,0.97,27,NA,0.9,0,NA,0,2013-08-07,2013-08-07,"new",5.5,5.5,2013,"2013-02-21",2013,"","talek",NA,"","2013-04-22","","",NA,"","2013-12-30","","",13.5,"","2014-04-24","","",23.5,"",NA,"","",NA,"",NA,NA,NA,NA,NA,NA,"dls","double check: alive but with disappeared date",NA,"","ali",NA,"single",NA,"k","mult","dora",NA,0
"24","drp",0.0881602964922687,0.107817056052014,-0.0674678942165156,0.934757731263598,-0.00280565571049441,0.11130251553009,-0.616868647448368,0.539631571408779,1.15599079315791,0.410460489052194,-0.982664152483643,0.374312543597607,8,"m",29,3.51,30.62,4,29,3.51,27,3.96,0.93,16.5,10.47,0.57,7.5,6.12,0.26,2012-11-13,2013-05-30,"new",0.3,6.8,2012,"2012-11-05",2012,"","serena.n",NA,"","2012-11-07","","",NA,"",NA,"","",NA,"",NA,"dbw","",NA,"",NA,"","",NA,"",NA,NA,NA,NA,NA,"2013-06-03","dls","double check: alive but with disappeared date",NA,"","ema",NA,"single",NA,NA,NA,NA,NA,6.5
"25","drpy",-0.143135406751747,0.137409244842735,-0.298763597460531,0.741734736685655,0.0071856160418271,0.142854103980715,-0.606877375696046,0.545050201511412,0.270175445942823,0.685312055598046,-1.86847949969873,0.154358185140564,5,"m",27.4,10.36,27.4,10.36,27.4,10.36,13.6,13.15,0.5,10.4,14.86,0.38,0.2,0.45,0.01,2012-07-25,2012-08-25,"new",10.4,11.4,2012,"2011-09-12",2011,"","serena.n",NA,"","2012-01-27","","",NA,"","2012-07-14","","",NA,"dengrad info not in table, instead taken from tblhyenas","2012-09-22","","",3,"",NA,"","",NA,"",NA,NA,NA,NA,NA,"2014-11-14","dls","double check: alive but with disappeared date",NA,"","peep",NA,"twin","2",NA,NA,NA,NA,1.02
"26","euch",0.147241692035284,0.138903975727148,-0.00838649867350005,0.991648569903833,0.230326274657086,0.131353935051811,-0.383736717080787,0.681310781059433,0.063324639910175,0.628428084883415,-2.07533030573138,0.125514962334051,4,"m",25.25,8.62,25.25,8.62,25.25,8.62,24.5,9.33,0.97,24.25,9.6,0.96,0.75,1.5,0.03,2013-07-08,2013-07-29,"new",5.8,6.5,2013,"2013-01-12",2013,"","happy.zebra",NA,"","2013-02-16","","",NA,"","2013-10-05","","",NA,"dengrad info not in table, instead taken from tblhyenas","2014-08-13","error","",112.5,"",NA,"","",NA,"",NA,NA,NA,NA,NA,"2016-06-15","dls"," w",NA,"","csby",NA,"twin","1",NA,NA,NA,NA,0.69
"27","fljo",0.0819537509741932,0.146643907695532,-0.0736744397345912,0.928974081664471,0.142808865904589,0.158962478195668,-0.471254125833284,0.624218928098439,0.469582401519105,0.592826524312292,-1.66907254412245,0.188421737473894,4,"m",14.5,11.36,15.25,10.78,14.5,11.36,14.25,11.59,0.98,11.5,13.53,0.79,1.25,1.89,0.09,2013-03-26,2013-06-28,"new",1.1,4.2,2013,"2013-02-19",2013,"","talek",NA,"","2013-03-26","","",NA,"","2013-09-30","","",28,"","2013-08-31","","",1.5,"",NA,"","",NA,"",NA,NA,NA,NA,NA,"2014-04-12","dead","humans (poison - april 2014)",NA,"","baez",NA,"single",NA,"c","mult","fljo",NA,3.09
"28","frdn",0.0268304836893023,0.163462693770369,-0.128797707019482,0.879151793794968,-0.0600559112269836,0.168980337068302,-0.674118902964857,0.509605234515437,0.675565566457047,0.844000644726015,-1.46308937918451,0.231519915938449,1,"m",19,NA,19,NA,19,NA,17,NA,0.89,12,NA,0.63,5,NA,0.26,2013-05-17,2013-05-17,"new",7.5,7.5,2013,"2012-10-01",2012,"","happy.zebra",NA,"","2012-12-26","","",NA,"","2013-09-05","","",NA,"dengrad info not in table, instead taken from tblhyenas","2013-09-21","","",2.5,"",NA,"","",NA,"",NA,NA,NA,NA,NA,"2015-07-21","dls","double check: alive but with disappeared date",NA,"","silk",NA,"single",NA,NA,NA,NA,NA,0
"29","fush",0.0450950619273703,0.14681719584245,-0.110533128781414,0.895356667622817,-1.30100326512748e-05,0.148609616463059,-0.614076001770525,0.541140677402691,0.432530669555449,0.602507013569983,-1.70612427608611,0.181568138665285,3,"m",17.33,2.08,21.33,3.51,17.33,2.08,16,2.65,0.92,12.67,5.51,0.73,1,1,0.06,2013-03-30,2013-04-30,"new",3.7,4.8,2013,"2012-12-06",2012,"","talek",NA,"","2012-12-27","","",NA,"",NA,"dbg","",NA,"",NA,"dbw","",NA,"",NA,"","",NA,"",NA,NA,NA,NA,NA,"2013-06-14","dls","inferred dead",NA,"","mos",NA,"twin",NA,"h","mult","brgy","fush",1.02
"30","fuzz",0.0327248331971286,0.168362989873858,-0.122903357511656,0.884349124131066,-0.00029183887325016,0.176145860937736,-0.614354830611124,0.540989812808687,-0.0245728042718111,0.766367778232854,-2.16322774991337,0.114953480492649,1,"f",12,NA,12,NA,12,NA,11,NA,0.92,10,NA,0.83,0,NA,0,2012-07-09,2012-07-09,"new",10.4,10.4,2012,"2011-08-27",2011,"","serena.n",NA,"","2011-09-23","","",NA,"","2012-02-27","","",NA,"dengrad info not in table, instead taken from tblhyenas","2012-09-25","","",NA,"",NA,"","",NA,"",NA,NA,NA,NA,NA,NA,"dls","fate unknown",NA,"","ink",NA,"twin","1",NA,NA,NA,NA,0
"31","gala",-0.133148008205572,0.164830498846127,-0.288776198914356,0.749179853906658,-2.39198523219319e-07,0.192201295320543,-0.614063230936397,0.54114758826465,-0.0374279760585986,0.761817892656237,-2.17608292170016,0.113485191527043,1,"f",25,NA,29,NA,25,NA,3,NA,0.12,0,NA,0,0,NA,0,2012-12-16,2012-12-16,"new",11.3,11.3,2012,"2012-01-06",2012,"","talek",NA,"","2012-01-08","","",NA,"","2012-09-15","","",1,"","2012-07-17","","",2,"",NA,"","",NA,"",NA,NA,NA,NA,NA,"2014-04-12","dead","humans (poison - april 2014)",NA,"","hel",NA,"single",NA,"f","mult","chle","tica",0
"32","gdfi",0.108262384798225,0.12144987513529,-0.0473658059105595,0.953738450608468,0.139922506959981,0.117417448124975,-0.474140484777893,0.622419805917179,0.0788051571385537,0.527540604631941,-2.059849788503,0.127473116384412,8,"m",19.88,10.37,19.62,11.06,18.38,9.9,16.75,11.12,0.91,14.75,10.75,0.8,0.75,1.49,0.04,2013-03-10,2013-06-03,"new",3.4,6.2,2013,"2012-11-25",2012,"","talek.w",NA,"",NA,"","",NA,"",NA,"","",NA,"","2013-10-12","error","",3.5,"",NA,"","",NA,"",NA,NA,NA,NA,NA,NA,"","",NA,"","roos",NA,NA,NA,"b","mult","gdfi",NA,2.79
"33","glxy",-0.0857637642682381,0.154190503990357,-0.241391954977022,0.785533672207761,-0.000321773942614892,0.192414210061952,-0.614384765680488,0.540973618483505,1.24934458158905,0.930250819743614,-0.889310364052505,0.410939053397415,2,"u",24,12.73,24,12.73,24,12.73,8.5,2.12,0.35,0,0,0,3.5,0.71,0.15,2012-09-15,2012-09-21,"new",10.4,10.6,2012,"2011-11-02",2011,"","talek",NA,"","2012-01-17","","",NA,"","2012-09-06","","",1.5,"","2012-12-08","","",17.5,"",NA,"","",NA,"",NA,NA,NA,NA,NA,"2013-02-22","dls","dispersed",NA,"","bab",NA,"twin","1","c","mult","glxy","yumm",0.2
"34","gobe",-0.176023140724098,0.120801940288126,-0.331651331432882,0.717737531748682,0.0364850520446733,0.125431157566355,-0.5775779396932,0.561256117788818,-0.459893731591547,0.496623923338356,-2.5985486772331,0.0743814514098527,7,"m",26.57,8.72,27,9.02,26.43,8.66,16.14,10.16,0.61,12.14,12.23,0.46,0.57,1.13,0.02,2012-09-26,2013-02-09,"new",1.5,6,2012,"2012-08-10",2012,"","serena.n",NA,"","2012-09-16","","",NA,"","2013-02-12","","",NA,"dengrad info not in table, instead taken from tblhyenas","2013-05-29","","",NA,"",NA,"","",NA,"",NA,NA,NA,NA,NA,"2017-04-02","dls","double check: alive but with disappeared date",NA,"","lcs",NA,"single",NA,NA,NA,NA,NA,4.47
"35","goof",-0.0360272463724442,0.117313300335338,-0.191655437081229,0.825591287632503,0.205249954856866,0.12376803772986,-0.408813036881008,0.664438446194427,0.54315740678618,0.469787689526867,-1.59549753885538,0.202807598735849,6,"f",27.83,7.6,29,5.48,27.83,7.6,22,12.39,0.79,19.33,15.54,0.69,1.83,1.94,0.07,2013-02-26,2013-08-06,"new",3.5,8.8,2013,"2012-11-12",2012,"","talek.w",NA,"",NA,"","",NA,"",NA,"","",NA,"","2013-10-24","error","",0.5,"",NA,"","",NA,"",NA,NA,NA,NA,NA,NA,"","",NA,"","juno",NA,NA,NA,"c","mult","goof",NA,5.29
"36","grnc",0.13330882857965,0.104083029468025,-0.0223193621291339,0.977927872048051,0.162779996755834,0.0953811933093975,-0.451282994982039,0.63681060247071,-0.430173498102108,0.493666177793124,-2.56882844374366,0.0766252636657068,10,"m",24.8,7.54,25.2,7.24,24.5,7.81,23.8,7.84,0.97,22.3,8.76,0.91,0.2,0.42,0.01,2013-02-24,2013-05-04,"new",3.5,5.7,2013,"2012-11-10",2012,"","talek",NA,"","2012-12-01","","",NA,"",NA,"dbg","",NA,"",NA,"dbw","",NA,"",NA,"","",NA,"",NA,NA,NA,NA,NA,"2013-06-29","dls","inferred dead",NA,"","tpe",NA,"twin",NA,"a","prim","clou","grnc",2.27
"37","gsmk",-0.0699182680373509,0.148738666940198,-0.225546458746135,0.798079981791314,0.100689845226232,0.163132264838692,-0.513373146511641,0.598473431661994,-0.143226413966284,0.727852661228824,-2.28188135960784,0.102091954245226,2,"f",34.5,2.12,34.5,2.12,34.5,2.12,19.5,19.09,0.57,16.5,23.33,0.48,0,0,0,2012-09-18,2012-09-21,"new",9.6,9.7,2012,"2011-12-02",2011,"","talek",NA,"","2012-01-10","","",NA,"","2012-07-18","","",0.5,"","2012-10-13","","",9.5,"",NA,"","",NA,"",NA,NA,NA,NA,NA,"2013-08-17","dls","inferred dead",NA,"","sbl",NA,"twin","2","d","mult","gsmk","tuli",0.1
"38","helm",-0.172953621104647,0.154395167076037,-0.328581811813432,0.719944025890072,0.0426457325575463,0.158621126389577,-0.571417259180327,0.564724510275476,-0.158707580151464,0.724230526315696,-2.29736252579302,0.100523622857724,2,"m",32,1.41,32,1.41,32,1.41,16,21.21,0.5,15.5,21.92,0.48,0,0,0,2012-12-04,2013-03-02,"new",8,10.9,2012,"2012-04-03",2012,"","talek",NA,"","2012-05-24","","",NA,"","2012-12-28","","",3.5,"",NA,"dbw","",NA,"",NA,"","",NA,"",NA,NA,NA,NA,NA,"2013-03-06","dls","inferred dead",NA,"","yog",NA,"twin",NA,"e","mult","helm","hydg",2.89
"39","higs",0.0620049275647601,0.117629245667762,-0.0936232631440243,0.910625763913291,-0.332217757564247,0.16149466885283,-0.94628074930212,0.388182088455723,-0.189393214753479,0.468077836396316,-2.32804816039504,0.0974858382354614,7,"m",25.43,7.37,29,5.92,25.43,7.37,22.86,7.29,0.9,2.86,3.98,0.11,1.29,1.89,0.05,2013-07-12,2013-08-04,"new",1.4,2.1,2013,"2013-05-31",2013,"","happy.zebra",NA,"","2013-06-27","","",NA,"","2013-10-17","","",NA,"dengrad info not in table, instead taken from tblhyenas","2013-12-21","","",18,"",NA,"","",NA,"",NA,NA,NA,NA,NA,"2015-12-01","dls","double check: alive but with disappeared date",NA,"","ojy",NA,"single",NA,NA,NA,NA,NA,0.76
"40","hucn",0.0191267118237591,0.138491281897395,-0.136501478885025,0.872405030071933,-0.084655544043779,0.139499240216693,-0.698718535781652,0.49722206799771,0.315313097425922,0.698446265527508,-1.82334184821564,0.161485189207935,4,"m",25.75,5.74,25.75,5.74,25.75,5.74,17,10.58,0.66,13.25,12.31,0.51,0.25,0.5,0.01,2012-07-19,2012-07-29,"new",10.2,10.5,2012,"2011-09-12",2011,"","serena.n",NA,"","2012-01-27","","",NA,"","2012-07-15","","",NA,"dengrad info not in table, instead taken from tblhyenas","2012-08-24","","",NA,"",NA,"","",NA,"",NA,NA,NA,NA,NA,"2012-11-06","dls","double check: alive but with disappeared date",NA,"","rbc",NA,"twin","1",NA,NA,NA,NA,0.33
"41","hydg",-0.0120568424757874,0.139524614049756,-0.167685033184572,0.845620135025563,-0.114400660829364,0.138260838743787,-0.728463652567238,0.482649938761505,-0.230077664922742,0.705896361569758,-2.3687326105643,0.0935992778726353,5,"m",24.8,11.97,24.4,11.87,24.4,11.87,12,12.71,0.49,10.4,13.01,0.43,0,0,0,2012-10-18,2013-03-17,"new",6.5,11.4,2012,"2012-04-03",2012,"","talek",NA,"","2012-05-24","","",NA,"","2012-12-28","","",3.5,"","2013-06-06","","",11,"",NA,"","",NA,"",NA,NA,NA,NA,NA,"2014-03-10","dls","dispersed",NA,"","yog",NA,"twin",NA,"e","mult","helm","hydg",4.93
"42","ika",0.0429889009653507,0.161167745332598,-0.112639289743434,0.893472886831525,0.117022877112124,0.175184976275487,-0.497040114625749,0.608328580448376,-0.216225723791935,0.708331594580523,-2.35488066943349,0.0949048309061741,1,"m",30,NA,26,NA,25,NA,25,NA,1,25,NA,1,0,NA,0,2013-06-06,2013-06-06,"new",4.3,4.3,2013,"2013-01-25",2013,"","talek",NA,"","2013-02-15","","",NA,"","2013-08-10","","",10,"","2013-10-23","","",3.5,"",NA,"","",NA,"",NA,NA,NA,NA,NA,"2015-03-05","dls","dispersed",NA,"","hrpy",NA,"twin",NA,"a","prim","ahi","ika",0
"43","jerk",-0.131057312367693,0.157011898170548,-0.286685503076478,0.750747799586671,-1.43606283539013e-06,0.192202730940397,-0.614064427800709,0.541146940584802,-0.354762550483965,0.682622728734217,-2.49341749612552,0.0826271056989101,1,"f",30,NA,34,NA,30,NA,11,NA,0.37,0,NA,0,0,NA,0,2013-02-19,2013-02-19,"new",2.6,2.6,2013,"2012-12-02",2012,"","serena.s",NA,"","2013-01-17","","",NA,"",NA,"","",NA,"",NA,"dbw","",NA,"",NA,"","",NA,"",NA,NA,NA,NA,NA,"2013-03-24","dls","double check: alive but with disappeared date",NA,"","clov",NA,NA,NA,NA,NA,NA,NA,0
"44","jlyr",0.0156531384012905,0.121020784438148,-0.139975052307494,0.869379924151281,-0.152603204997452,0.120325207584332,-0.766666196735326,0.464559238671806,0.802815029531778,0.54665269891382,-1.33583991610978,0.262937237462722,6,"f",29.67,4.32,31.83,4.07,29.67,4.32,22.83,12.91,0.77,16,12.93,0.54,0.67,0.52,0.02,2013-05-17,2013-07-28,"new",6.8,9.1,2013,"2012-10-23",2012,"","happy.zebra",NA,"","2013-01-05","","",NA,"","2013-08-05","","",NA,"dengrad info not in table, instead taken from tblhyenas","2013-08-26","","",8,"",NA,"","",NA,"",NA,NA,NA,NA,NA,NA,"dls","double check: alive but with disappeared date",NA,"","boom",NA,"twin","1",NA,NA,NA,NA,2.37
"45","jude",0.133432546764014,0.131129718090065,-0.0221956439447703,0.978048866993303,0.0771698563643161,0.123161077743665,-0.536893135373557,0.584561587740547,-0.433308303908758,0.660094637172756,-2.57196324955031,0.0763854344496413,5,"f",25,7.52,24.6,8.2,24.6,8.2,22.8,11.03,0.93,18.4,11.93,0.75,0,0,0,2013-05-09,2013-07-24,"new",5.7,8.2,2013,"2012-11-17",2012,"","serena.n",NA,"","2013-02-15","","",NA,"","2013-09-12","","",NA,"dengrad info not in table, instead taken from tblhyenas","2013-10-18","","",NA,"",NA,"","",NA,"",NA,NA,NA,NA,NA,NA,"dls","double check: alive but with disappeared date",NA,"","ele",NA,"twin","2",NA,NA,NA,NA,2.5
"46","kcha",0.0159095116358302,0.168337673339488,-0.139718679072954,0.869602838467891,0.0448178061291779,0.186424808454565,-0.569245185608695,0.565952466582437,-0.126128003424217,0.732921352156166,-2.26478294906577,0.103852573392746,1,"m",7,NA,12,NA,7,NA,7,NA,1,7,NA,1,0,NA,0,2013-05-03,2013-05-03,"new",2,2,2013,"2013-03-04",2013,"","talek",NA,"","2013-03-25","","",NA,"",NA,"dbg","",NA,"",NA,"dbw","",NA,"",NA,"","",NA,"",NA,NA,NA,NA,NA,"2013-06-13","dead","starvation?",NA,"","avce",NA,"twin",NA,"a","prim","sarn","kcha",0
"47","koal",-0.0925314468406021,0.101852994547293,-0.248159637549386,0.780235378471925,-0.253953392170604,0.11471598188519,-0.868016383908477,0.419783413058752,0.265935504922428,0.396900937146821,-1.87271944071913,0.153705101036972,15,"m",22.73,9.58,26.2,9.61,22.47,9.63,15.4,9.91,0.69,7.53,8.75,0.34,1.73,3.43,0.08,2012-07-02,2013-02-04,"new",0.9,8,2012,"2012-06-04",2012,"","serena.n",NA,"","2014-07-02","","",NA,"","2013-04-22","","",NA,"dengrad info not in table, instead taken from tblhyenas","2013-08-04","","",2,"",NA,"","",NA,"",NA,NA,NA,NA,NA,"2015-01-14","dls","",NA,"","sau",NA,"twin","1",NA,NA,NA,NA,7.13
"48","kopa",-0.215401631776491,0.133848091241899,-0.371029822485275,0.690023363040355,0.0338023918819586,0.141491103941496,-0.580260599855915,0.559752476142085,-0.586302124372567,0.636474056179519,-2.72495707001412,0.0655490166759824,7,"m",20.71,8.92,21.86,9.81,20.14,9.42,11,12.19,0.55,7.57,11.28,0.38,0,0,0,2012-12-13,2013-03-22,"new",4.2,7.4,2012,"2012-08-08",2012,"","talek",NA,"","2012-09-18","","",NA,"",NA,"dbg","",NA,"",NA,"dbw","",NA,"",NA,"","",NA,"",NA,NA,NA,NA,NA,"2013-03-30","dls","inferred dead",NA,"","cart",NA,NA,NA,"c","mult","kopa","ppch",3.25
"49","korb",0.101960432359735,0.0940138441650324,-0.0536677583490495,0.947746935205734,0.0321362170877537,0.091537094744304,-0.58192677465012,0.558820607219182,0.282212884682043,0.400942203670259,-1.85644206095951,0.156227490591216,15,"m",25.53,9.27,26,9.07,25.13,9.4,21.13,11.18,0.84,15.27,13.72,0.61,0.73,1.16,0.03,2012-08-03,2013-05-19,"new",2.2,11.7,2012,"2012-05-27",2012,"","serena.s",NA,"","2012-07-08","","",NA,"","2013-05-19","","",NA,"dengrad info not in table, instead taken from tblhyenas",NA,"dbw","",NA,"",NA,"","",NA,"",NA,NA,NA,NA,NA,NA,"dls","double check: alive but with disappeared date",NA,"","mtn",NA,"twin",NA,NA,NA,NA,NA,9.49
"50","lady",0.0705428149215732,0.139735265208558,-0.0850853757872112,0.918433869039548,-0.0133329704672807,0.134970801520125,-0.627395962205154,0.533980497510304,-0.431186397265283,0.662438828741495,-2.56984134290684,0.076547689294402,3,"m",25.67,9.24,27.33,6.35,25.67,9.24,24.33,10.69,0.95,19.67,10.6,0.77,0,0,0,2013-02-09,2013-05-29,"new",2.8,6.3,2013,"2012-11-17",2012,"","serena.n",NA,"","2012-12-19","","",NA,"","2013-06-27","","",NA,"dengrad info not in table, instead taken from tblhyenas","2013-10-05","","",NA,"",NA,"","",NA,"",NA,NA,NA,NA,NA,NA,"dls","double check: alive but with disappeared date",NA,"","shrm",NA,"twin","1",NA,NA,NA,NA,3.58
"51","lyco",0.0609330620204134,0.145814823383703,-0.0946951286883709,0.909650218453341,-0.0545249136751291,0.158678882986172,-0.668587905413002,0.512431669115877,0.4150675938309,0.654596037488187,-1.72358735181066,0.178424925474453,3,"f",21,10,22.33,8.5,20.33,10.07,18.67,11.02,0.92,8,7.21,0.39,3.67,6.35,0.18,2013-06-13,2013-06-27,"new",2.6,3.1,2013,"2013-03-26",2013,"","talek",NA,"","2013-06-10","","",NA,"","2014-02-27","","",57.5,"","2013-08-19","","",4,"",NA,"","",NA,"",NA,NA,NA,NA,NA,NA,"dls","double check: alive but with disappeared date",NA,"","bab",NA,"twin",NA,"d","mult","alta","lyco",0.46
"52","maa",0.0877122704885208,0.163688663350566,-0.0679159202202635,0.934339029294476,0.117474395340467,0.164410321950011,-0.496588596397406,0.608603313910186,-0.097938057497027,0.74150088716439,-2.23659300313858,0.106821826737168,1,"f",34,NA,34,NA,34,NA,34,NA,1,34,NA,1,0,NA,0,2013-07-01,2013-07-01,"new",8.6,8.6,2013,"2012-10-12",2012,"","talek",NA,"","2012-12-29","","",NA,"","2013-07-29","","",0,"","2013-09-16","","",1.5,"",NA,"","",NA,"",NA,NA,NA,NA,NA,NA,"dls","double check: alive but with disappeared date",NA,"","art",NA,NA,NA,"h","mult","maa",NA,0
"53","malo",-0.0875793205023796,0.140798104358003,-0.243207511211164,0.784108785524404,0.112620490383596,0.165769582392366,-0.501442501354278,0.605656369148851,0.11564196917263,0.648798670718667,-2.02301297646893,0.132256378806047,2,"m",43,14.14,43,14.14,43,14.14,25.5,10.61,0.59,16,22.63,0.37,0.5,0.71,0.01,2012-07-20,2012-08-26,"new",6.8,8,2012,"2011-12-27",2011,"","happy.zebra",NA,"","2012-01-24","","",NA,"","2012-10-24","","",NA,"dengrad info not in table, instead taken from tblhyenas","2012-09-17","","",22.5,"",NA,"","",NA,"",NA,NA,NA,NA,NA,"2013-10-07","dead","humans(car)",NA,"","saw",NA,NA,NA,NA,NA,NA,NA,1.22
"54","mchl",0.152942826926999,0.125521264341338,-0.00268536378178555,0.997318238582261,0.0894011537947144,0.114281115649753,-0.524661837943159,0.591755439772613,-0.480633988949338,0.651276134222785,-2.61928893459089,0.0728546488343131,6,"m",25.33,7.55,25.33,7.55,24.83,8.57,23.5,11.47,0.95,19.67,11,0.79,0,0,0,2013-05-09,2013-07-24,"new",5.7,8.2,2013,"2012-11-17",2012,"","serena.n",NA,"","2013-02-09","","",NA,"",NA,"","",NA,"","2013-10-18","","",NA,"",NA,"","",NA,"",NA,NA,NA,NA,NA,"2016-08-31","dls","",NA,"","ele",NA,"twin","1",NA,NA,NA,NA,2.5
"55","mino",0.0415286485379006,0.155078224931377,-0.114099542170884,0.892169143008878,-0.199241861406259,0.169524286339924,-0.813304853144133,0.443390302352029,-0.0752996192299612,0.748793371633377,-2.21395456487152,0.109267686836275,2,"m",24,4.24,23,5.66,23,5.66,17,11.31,0.74,5,7.07,0.22,0,0,0,2012-09-06,2012-09-17,"new",10.7,11.1,2012,"2011-10-16",2011,"","talek",NA,"","2011-12-11","","",NA,"","2012-06-22","","",1,"","2012-11-29","","",1,"",NA,"","",NA,"",NA,NA,NA,NA,NA,"2014-11-20","dls","dispersed",NA,"","pan",NA,"twin","1","e","mult","mino","styr",0.36
"56","moji",0.0203033244317381,0.154801492424446,-0.135324866277046,0.873432116952774,-0.158911686349772,0.164686552210705,-0.772974678087645,0.461637799987016,-0.117760888263103,0.735671037416118,-2.25641583390466,0.104725165281773,2,"f",18.5,16.26,19,16.97,18.5,16.26,14,11.31,0.76,7.5,10.61,0.41,0,0,0,2013-05-22,2013-07-31,"new",8.1,10.4,2013,"2012-09-17",2012,"","happy.zebra",NA,"","2013-02-02","","",NA,"","2013-07-15","","",NA,"dengrad info not in table, instead taken from tblhyenas","2013-09-26","","",12.5,"",NA,"","",NA,"",NA,NA,NA,NA,NA,"2013-11-11","dls","double check: alive but with disappeared date",NA,"","snap",NA,"single",NA,NA,NA,NA,NA,2.3
"57","nali",-0.0966388608893636,0.151766495864281,-0.252267051598148,0.777037201332235,0.0374992859761633,0.159789112917832,-0.57656370576171,0.561825651559151,-0.179664111272507,0.717666981774809,-2.31831905691406,0.0984389168258706,3,"m",32.67,1.53,31,2,31,2,11.33,17.1,0.37,9.67,16.74,0.31,0,0,0,2012-07-31,2012-11-03,"new",8.9,12,2012,"2011-11-04",2011,"","serena.s",NA,"","2011-12-05","","",NA,"","2012-05-22","","",NA,"dengrad info not in table, instead taken from tblhyenas","2012-10-05","","",NA,"",NA,"","",NA,"",NA,NA,NA,NA,NA,NA,"dls","double check: alive but with disappeared date",NA,"","clov",NA,"single",NA,NA,NA,NA,NA,3.12
"58","natg",0.157071639382971,0.13609754797491,0.00144344867418708,1.00144449094765,-0.0920345285987354,0.124554211622449,-0.706097520336609,0.493566577528024,-0.290753842218517,0.689560902000487,-2.42940878786007,0.0880888964154244,4,"m",30.5,4.36,30.75,4.5,30.5,4.36,27.75,6.08,0.91,20,5.35,0.66,0,0,0,2012-08-19,2012-10-31,"new",8.1,10.5,2012,"2011-12-17",2011,"","happy.zebra",NA,"","2012-03-10","","",NA,"","2012-10-08","","",NA,"dengrad info not in table, instead taken from tblhyenas","2012-12-11","error","",42.5,"",NA,"","",NA,"",NA,NA,NA,NA,NA,"2016-01-21","dls","double check: alive but with disappeared date",NA,"","hwk",NA,NA,NA,NA,NA,NA,NA,2.4
"59","odd",0.0882310447648833,0.150190556955879,-0.067397145943901,0.934823866097833,0.00847099628330185,0.141211358842766,-0.605591995454572,0.545751248730646,-0.161828531761565,0.722369326808158,-2.30048347740312,0.100210382553285,2,"f",32.5,0.71,34.5,3.54,32.5,0.71,28,5.66,0.86,25.5,9.19,0.78,0,0,0,2012-09-22,2012-10-19,"new",8.6,9.5,2012,"2012-01-03",2012,"","talek",NA,"","2012-03-06","","",NA,"","2012-09-14","","",1,"","2013-04-13","error","",157,"",NA,"","",NA,"",NA,NA,NA,NA,NA,NA,"dls","double check: alive but with disappeared date",NA,"","mgta",NA,"twin","1","a","prim","odd","tgpi",0.89
"60","ppch",-0.273866060150443,0.147790072607018,-0.429494250859227,0.650838172347386,-0.0850064817861957,0.144046093574303,-0.699069473524069,0.497047604622369,-0.480450739893997,0.654372361462306,-2.61910568553555,0.0728680006032014,5,"m",26,8.25,26.8,7.6,25.8,8.17,10.6,11.06,0.41,8,11.05,0.31,0,0,0,2012-12-27,2013-04-06,"new",4.6,7.9,2012,"2012-08-08",2012,"","talek",NA,"","2012-09-18","","",NA,"",NA,"dbg","",NA,"",NA,"","",NA,"",NA,"","",NA,"",NA,NA,NA,NA,NA,"2013-07-27","dls","inferred dead",NA,"","cart",NA,NA,NA,"c","mult","kopa","ppch",3.29
"61","prde",0.0384770364325656,0.162768322948171,-0.117151154276219,0.889450738719342,0.0455300513168778,0.169666097544076,-0.568532940420996,0.566355707089236,-0.127826316219368,0.732575574022817,-2.26648126186093,0.103676348923036,1,"f",21,NA,21,NA,21,NA,21,NA,1,20,NA,0.95,0,NA,0,2013-04-28,2013-04-28,"new",6,6,2013,"2012-10-28",2012,"","talek",NA,"","2013-02-23","","",NA,"",NA,"dbg","",NA,"",NA,"dbw","",NA,"",NA,"","",NA,"",NA,NA,NA,NA,NA,"2013-07-24","dls","inferred dead",NA,"","arg",NA,"twin",NA,"d","mult","prde","wrth",0
"62","rama",-0.223831037003327,0.142136218100149,-0.379459227712112,0.684231322521633,-0.258150078393575,0.160278866194158,-0.872213070131448,0.418025405276252,0.752796828051699,0.586951173710421,-1.38585811758986,0.25010908467452,4,"f",27,8.68,27.25,8.88,27,8.68,11.25,7.41,0.42,5.5,9.11,0.2,1.5,1.29,0.06,2013-07-11,2013-07-30,"new",6,6.7,2013,"2013-01-08",2013,"","serena.n",NA,"","2013-05-06","","",NA,"","2013-09-29","","",NA,"dengrad info not in table, instead taken from tblhyenas","2014-04-07","","",2.5,"",NA,"","",NA,"",NA,NA,NA,NA,NA,NA,"dls","double check: alive but with disappeared date",NA,"","tnsl",NA,"single",NA,NA,NA,NA,NA,0.62
"63","rast",0.0750584754385143,0.157160728820443,-0.08056971527027,0.922590582689888,-0.117197762909912,0.154195082022895,-0.731260754647785,0.481301803927952,0.562087635466624,0.789264946243418,-1.57656731017493,0.206683361757777,2,"f",22,12.73,22,12.73,22,12.73,19,12.73,0.86,13,4.24,0.59,2,2.83,0.09,2012-08-24,2012-10-24,"new",8.6,10.6,2012,"2011-12-05",2011,"","serena.s",NA,"","2012-01-23","","",NA,"",NA,"","",NA,"","2012-10-30","","",6,"",NA,"","",NA,"",NA,NA,NA,NA,NA,"2017-01-27","dls","double check: alive but with disappeared date",NA,"","slin",NA,"twin","1",NA,NA,NA,NA,2
"64","rmon",0.0551654580098706,0.111148330865441,-0.100462732698914,0.904418817033089,0.0188666319479473,0.0996111996174145,-0.595196359789926,0.551454271790914,0.711560753335565,0.449547106754518,-1.42709419230599,0.240005319259143,7,"f",30.71,2.75,31.43,2.88,30.71,2.75,26.29,9.18,0.86,25,8.5,0.81,1.14,1.07,0.04,2013-02-08,2013-07-30,"new",4.3,10,2013,"2012-09-30",2012,"","serena.n",NA,"","2012-12-14","","",NA,"","2013-06-18","","",NA,"dengrad info not in table, instead taken from tblhyenas","2013-11-11","","",NA,"",NA,"","",NA,"",NA,NA,NA,NA,NA,NA,"dls","double check: alive but with disappeared date",NA,"","arro",NA,"twin","1","b","mult","strm","rmon",5.65
"65","rxp",0.144348476035551,0.11840375817708,-0.0112797146732329,0.988783662791262,0.146381430830089,0.108311763685085,-0.467681560907784,0.626452979016633,-0.372332928908324,0.562388451891629,-2.51098787454988,0.0811879960572572,8,"f",20.25,10.71,21.5,9.24,20.25,10.71,19.88,10.96,0.98,18.25,9.97,0.9,0.12,0.35,0.01,2013-02-27,2013-07-03,"new",3.1,7.2,2013,"2012-11-25",2012,"","talek",NA,"","2013-01-23","","",NA,"","2013-08-06","","",0.5,"","2013-11-02","","",12.5,"",NA,"","",NA,"",NA,NA,NA,NA,NA,"2013-12-26","dls","inferred dead",NA,"","loki",NA,"twin",NA,"c","mult","rxp","tato",4.14
"66","slim",-0.190406241143877,0.157475286939767,-0.346034431852661,0.707488126560181,-0.0837668721319127,0.173805000736154,-0.697829863869786,0.497664131679195,-0.365011507753314,0.672687401009964,-2.50366645339487,0.0817845888577606,4,"m",20.25,7.37,24.5,6.19,20.25,7.37,6.25,4.65,0.31,2,4,0.1,0,0,0,2013-07-07,2013-08-01,"new",5.7,6.5,2013,"2013-01-14",2013,"","serena.n",NA,"","2013-03-15","","",NA,"",NA,"","",NA,"","2013-11-29","","",1,"",NA,"","",NA,"",NA,NA,NA,NA,NA,"2015-10-09","dls","dispersed",NA,"","ink",NA,"twin","1",NA,NA,NA,NA,0.82
"67","spcd",-0.0433955000531496,0.114960351790763,-0.199023690761934,0.819530477801495,0.19640617858564,0.123642790642058,-0.417656813152233,0.658588208457159,-0.0161045354051414,0.506972947088096,-2.1547594810467,0.115931070879701,7,"m",29.14,6.67,33.71,9.76,29.14,6.67,22.29,13.41,0.76,15.57,15.6,0.53,1.14,2.27,0.04,2012-08-04,2013-02-04,"new",2,8,2012,"2012-06-04",2012,"","serena.n",NA,"","2012-07-07","","",NA,"",NA,"","",NA,"","2013-08-04","","",2,"",NA,"","",NA,"",NA,NA,NA,NA,NA,"2014-08-21","dls","",NA,"","sau",NA,"twin",NA,NA,NA,NA,NA,6.04
"68","spng",0.0799673112669189,0.117644402502424,-0.0756608794418654,0.927130562287871,0.130815958896781,0.109926405441076,-0.483247032841092,0.616777440269116,-0.174527786740228,0.516584502903735,-2.31318273238179,0.0989458317746931,6,"m",27,5.29,27.17,5.31,26.83,5.19,24.5,5.68,0.91,23.5,5.82,0.88,0.33,0.52,0.01,2013-02-26,2013-06-09,"new",3.8,7.2,2013,"2012-11-03",2012,"","talek",NA,"","2012-12-01","","",NA,"","2013-08-08","","",0.5,"","2013-09-22","","",7.5,"",NA,"","",NA,"",NA,NA,NA,NA,NA,"2015-01-01","dls","dispersed",NA,"","amaz",NA,"twin",NA,"b","mult","bncl","spng",3.38
"69","spud",-0.167737127544161,0.154551880084018,-0.323365318252946,0.723709421808221,-0.384400396759705,0.173908721839118,-0.998463388497578,0.368445163488647,-0.170063803287618,0.719885513113258,-2.30871874892917,0.0993885116531542,2,"f",27.5,2.12,31.5,3.54,27.5,2.12,8.5,7.78,0.31,5,4.24,0.18,0,0,0,2013-07-10,2013-07-17,"new",8.1,8.3,2013,"2012-11-06",2012,"","serena.n",NA,"","2013-03-15","","",NA,"",NA,"","",NA,"","2013-09-16","","",NA,"",NA,"","",NA,"",NA,NA,NA,NA,NA,"2013-11-28","dls","double check: alive but with disappeared date",NA,"","hndy",NA,"single",NA,"b","mult","spud",NA,0.23
"70","star",-0.196495732922345,0.128551024563891,-0.35212392363113,0.703192974349861,-0.0482382816963161,0.143129044874844,-0.662301273434189,0.515663285782986,-0.0168366935268146,0.531479991269298,-2.15549163916837,0.115846222069765,9,"m",18.44,9.28,18,9.77,16.89,9.78,8.89,9.91,0.53,5.44,11.06,0.32,0.22,0.44,0.01,2012-11-14,2013-07-22,"new",3.8,12,2012,"2012-07-22",2012,"","serena.s",NA,"","2012-09-09","","",NA,"","2013-02-15","","",NA,"dengrad info not in table, instead taken from tblhyenas","2013-08-15","","",NA,"",NA,"","",NA,"",NA,NA,NA,NA,NA,NA,"dls","double check: alive but with disappeared date",NA,"","taj",NA,"twin","1",NA,NA,NA,NA,8.21
"71","strm",0.0954543094988046,0.107485420449154,-0.0601738812099797,0.94160079266378,0.00259616378971139,0.0969662620633031,-0.611466827948162,0.542554451080966,-0.461898817994917,0.552986175436715,-2.60055376363647,0.0742324595936172,8,"m",29.5,7.15,30.12,5.41,29.5,7.15,26.25,7.17,0.89,23.25,9.53,0.79,0.12,0.35,0,2013-02-08,2013-07-30,"new",4.3,10,2013,"2012-09-30",2012,"","serena.n",NA,"","2012-11-27","","",NA,"","2013-06-18","","",NA,"dengrad info not in table, instead taken from tblhyenas","2013-11-11","","",NA,"",NA,"","",NA,"",NA,NA,NA,NA,NA,"2016-01-12","dls","double check: alive but with disappeared date",NA,"","arro",NA,"twin",NA,"b","mult","strm","rmon",5.65
"72","styr",0.0572647108801694,0.147000052132298,-0.098363479828615,0.906319415050647,0.0149379009356578,0.159484704862893,-0.599125090802216,0.54929200655192,-0.166577284810566,0.721484580384374,-2.30523223045212,0.0997356363120765,5,"f",22.4,13.72,23.2,12.52,22.4,13.72,13,17.35,0.58,6.2,13.86,0.28,0,0,0,2012-09-04,2012-09-23,"new",10.6,11.3,2012,"2011-10-16",2011,"","talek",NA,"","2011-12-11","","",NA,"","2012-06-29","","",2.5,"","2012-10-27","","",3,"",NA,"","",NA,"",NA,NA,NA,NA,NA,NA,"dls","double check: alive but with disappeared date",NA,"","pan",NA,"twin","2","e","mult","mino","styr",0.62
"73","sula",-0.212186284211024,0.0985989652931799,-0.367814474919808,0.692245598696285,-0.154852318333736,0.118678401974612,-0.76891531007161,0.463515566401179,-0.121612238433612,0.39971418474036,-2.26026718407517,0.104322607691322,16,"m",26.06,7.93,29.56,9.74,25.62,7.95,15.56,9.9,0.61,6.19,9.71,0.24,0.94,2.05,0.04,2012-10-24,2013-07-17,"new",2.9,11.6,2012,"2012-07-28",2012,"","serena.s",NA,"","2012-10-23","","",NA,"","2013-05-17","","",NA,"dengrad info not in table, instead taken from tblhyenas","2013-07-07","","",NA,"",NA,"","",NA,"",NA,NA,NA,NA,NA,"2014-07-30","dls","double check: alive but with disappeared date",NA,"","java",NA,"single",NA,NA,NA,NA,NA,8.74
"74","swag",-0.0280636917396579,0.12471441943113,-0.183691882448442,0.832192177344162,-0.0616451660774264,0.129483755521702,-0.6757081578153,0.508795985146743,0.43121217473823,0.604316095562416,-1.70744277090333,0.181328899767765,5,"m",31.8,2.49,32.6,1.34,31.8,2.49,21,10.56,0.66,13.8,13.59,0.43,0.6,0.89,0.02,2013-05-19,2013-08-02,"new",6.8,9.3,2013,"2012-10-23",2012,"","happy.zebra",NA,"","2013-01-05","","",NA,"","2013-08-05","","",NA,"dengrad info not in table, instead taken from tblhyenas","2013-08-26","","",8,"",NA,"","",NA,"",NA,NA,NA,NA,NA,"2015-06-30","dls","double check: alive but with disappeared date",NA,"","boom",NA,"twin","1",NA,NA,NA,NA,2.46
"75","tato",0.126491560443616,0.122026429673259,-0.0291366302651686,0.971283748644181,0.130676289093822,0.112142149852854,-0.483386702644051,0.616691301101224,0.449922910782893,0.515061792756734,-1.68873203485866,0.184753636709324,5,"f",29.6,4.83,29.6,4.83,29.6,4.83,29,4.53,0.98,26.6,5.68,0.9,1.4,1.67,0.05,2013-03-23,2013-07-03,"new",3.9,7.2,2013,"2012-11-25",2012,"","talek",NA,"","2013-01-23","","",NA,"","2013-08-06","","",0,"","2013-11-02","","",12.5,"",NA,"","",NA,"",NA,NA,NA,NA,NA,NA,"dls","double check: alive but with disappeared date",NA,"","loki",NA,"twin",NA,"c","mult","rxp","tato",3.35
"76","tgpi",0.0950795165735867,0.147323825910451,-0.0605486741351976,0.941247953473257,0.0612965732067701,0.142173413063798,-0.552766418531103,0.575355931418188,0.344095450628399,0.705494859938765,-1.79455949501316,0.166200648438481,3,"f",23.67,11.37,23.67,11.37,23.67,11.37,21,14.42,0.89,18.33,16.8,0.77,1,1.73,0.04,2012-09-12,2012-10-19,"new",8.3,9.5,2012,"2012-01-03",2012,"","talek",NA,"","2012-03-06","","",NA,"","2012-09-14","","",0,"","2012-12-18","error","",41,"",NA,"","",NA,"",NA,NA,NA,NA,NA,NA,"dls","double check: alive but with disappeared date",NA,"","mgta",NA,"twin","2","a","prim","odd","tgpi",1.22
"77","tica",-0.00908260678109839,0.113630515680751,-0.164710797489883,0.848138952536975,0.0722576541052839,0.106833391039134,-0.541805337632589,0.581697144111789,-0.721854526563701,0.616980182875434,-2.86050947220526,0.0572395908550154,9,"m",21.56,6.39,21.67,6.08,21.22,6.36,16.56,8.89,0.78,15.89,9.2,0.75,0,0,0,2012-12-20,2013-06-23,"new",2.5,8.6,2012,"2012-10-04",2012,"","talek",NA,"","2012-11-04","","",NA,"","2013-07-29","","",1,"","2013-08-28","","",2,"",NA,"","",NA,"",NA,NA,NA,NA,NA,"2016-01-25","dls","dispersed",NA,"","hel",NA,"twin","2","f","mult","chle","tica",6.08
"78","tnks",0.134540621157836,0.11092083439469,-0.0210875695509483,0.979133218558877,0.290251490601981,0.107879840180753,-0.323811501135892,0.723386587079003,1.3332447567507,0.397901920222328,-0.805410188890862,0.446904573665874,8,"f",28.12,7.02,27.75,7.63,27.75,7.63,26.62,8.14,0.96,24.88,9.06,0.9,5.62,5.21,0.2,2013-06-14,2013-08-12,"new",3,4.9,2013,"2013-03-15",2013,"","talek",NA,"","2013-05-14","","",NA,"","2014-01-03","","",8.5,"","2013-11-27","","",2.5,"",NA,"","",NA,"",NA,NA,NA,NA,NA,NA,"dls","double check: alive but with disappeared date",NA,"","alfe",NA,"single",NA,"a","prim","tnks",NA,1.94
"79","trni",-0.206647658175869,0.0942506898673259,-0.362275848884653,0.696090325615733,-0.309752311343802,0.105531694538069,-0.923815303081675,0.397001467002379,0.127231119411322,0.394549663732157,-2.01142382623024,0.133798033831177,20,"m",25.9,9.51,26.6,9.56,25.85,9.52,14.9,11.71,0.58,7.6,10.41,0.29,1,2.25,0.04,2012-07-12,2013-08-02,"new",0.3,12.9,2012,"2012-07-04",2012,"","serena.n",NA,"","2012-07-12","","",NA,"","2013-02-18","","",NA,"dengrad info not in table, instead taken from tblhyenas","2013-07-03","","",NA,"",NA,"","",NA,"",NA,NA,NA,NA,NA,NA,"dls","",NA,"","wafl",NA,"single",NA,NA,NA,NA,NA,12.68
"80","uzi",0.159795477741842,0.116144368592816,0.00416728703305816,1.00417598224796,0.0737551616267192,0.104807457740755,-0.540307830111154,0.582568892522284,1.39626985422102,0.450769987453162,-0.742385091420537,0.475977311205919,6,"m",30.83,2.64,31.33,2.73,30.83,2.64,30.17,2.32,0.98,26,8.29,0.84,4.33,2.88,0.14,2012-11-22,2013-05-17,"new",3.1,8.8,2012,"2012-08-21",2012,"","serena.n",NA,"","2012-11-06","","",NA,"","2013-07-01","","",NA,"dengrad info not in table, instead taken from tblhyenas","2013-06-03","","",NA,"",NA,"","",NA,"",NA,NA,NA,NA,NA,"2016-03-11","dls","double check: alive but with disappeared date",NA,"","angi",NA,"single",NA,NA,NA,NA,NA,5.78
"81","wrth",0.0373524752882943,0.163211392792716,-0.11827571542049,0.888451059184568,0.0564464402631701,0.171114928493935,-0.557616551474703,0.572572135009374,-0.122462017337467,0.734138920105539,-2.26111696297902,0.104233994196382,1,"f",20,NA,21,NA,20,NA,20,NA,1,20,NA,1,0,NA,0,2013-04-28,2013-04-28,"new",6,6,2013,"2012-10-28",2012,"","talek",NA,"","2013-02-23","","",NA,"","2013-07-29","","",1,"","2013-06-03","","",1.5,"",NA,"","",NA,"",NA,NA,NA,NA,NA,NA,"dls","double check: alive but with disappeared date",NA,"","arg",NA,"twin",NA,"d","mult","prde","wrth",0
"82","yumm",-0.170221315465498,0.155999910910147,-0.325849506174283,0.721913822830068,0.0441658872478636,0.161548089675344,-0.56989710449001,0.565583631721813,-0.122592130526163,0.734000947512541,-2.26124707616772,0.1042204328613,2,"m",34.5,3.54,34.5,3.54,34.5,3.54,14.5,19.09,0.42,14,19.8,0.41,0,0,0,2012-09-06,2012-09-15,"new",10.2,10.4,2012,"2011-11-02",2011,"","talek",NA,"","2012-01-12","","",NA,"","2012-09-18","","",0,"","2012-12-08","","",17.5,"",NA,"","",NA,"",NA,NA,NA,NA,NA,"2012-12-06","dls","inferred dead",NA,"","bab",NA,"twin","2","c","mult","glxy","yumm",0.3
